,web_type,continent,country,publisher,fail_rate_meta,se,ci_95L,ci_95U,total_violations,total_checks,units
0,Journal Websites,ALL,ALL,ALL,0.0288747902689554,0.0136590994614736,0.028133488117745,0.0296350297146535,208657,4980299,4994
194,US Government Websites,North America,United States,ALL,0.0146023341236517,0.0372932362714201,0.0135870587537885,0.0156922677365387,11517,718179,4994
195,Data Portals,ALL,ALL,ALL,0.0626969718178955,0.0165968691379378,0.0608123304667634,0.0646360006413677,11517,718179,4994
